Description Words,Count,Description Bigrams,Count,Description Trigrams,Count,Objective Words,Count,Objective Bigrams,Count,Objective Trigrams,Count,Tag Words,Count,Tag Bigrams,Count,Tag Trigrams,Count,Everything Words,Count,Everything Bigrams,Count,Everything Trigrams,Count
students,1018,"('higher', 'education')",81,"('21st', 'century', 'skills')",13,learning,713,"('best', 'practices')",89,"('learning', 'attention', 'issues')",10,learning,379,"('higher', 'education')",63,"('teaching', '&', 'learning')",25,learning,2065,"('higher', 'education')",195,"('teaching', '&', 'learning')",25
learning,973,"('high', 'school')",53,"('high', 'school', 'students')",12,students,493,"('Participants', 'learn')",84,"('Participants', 'develop', 'understanding')",9,education,343,"('design', 'thinking')",43,"('student', 'centered', 'learning')",15,students,1527,"('best', 'practices')",132,"('21st', 'century', 'skills')",25
education,622,"('social', 'media')",49,"('Q', '&', 'A')",10,Learn,422,"('higher', 'education')",51,"('Participants', 'gain', 'understanding')",8,design,121,"('personalized', 'learning')",35,"('college', 'career', 'readiness')",13,education,1358,"('design', 'thinking')",114,"('college', 'career', 'readiness')",25
school,458,"('professional', 'development')",44,"('college', 'career', 'readiness')",9,education,393,"('Participants', 'able')",46,"('kids', 'learning', 'attention')",7,innovation,113,"('blended', 'learning')",30,"('project', 'based', 'learning')",9,school,729,"('social', 'media')",94,"('project', 'based', 'learning')",16
session,414,"('best', 'practices')",41,"('Science', 'Technology', 'Engineering')",8,Participants,387,"('Attendees', 'learn')",44,"('Learn', 'best', 'practices')",7,technology,101,"('&', 'learning')",25,"('learning', 'personalized', 'learning')",8,student,729,"('Participants', 'learn')",90,"('student', 'centered', 'learning')",16
student,395,"('learning', 'environments')",40,"('critical', 'thinking', 'skills')",7,learn,266,"('Participants', 'understand')",41,"('learning', 'Participants', 'learn')",7,edtech,92,"('teaching', '&')",25,"('ed', 'edtech', 'innovation')",8,technology,674,"('professional', 'development')",89,"('learning', 'attention', 'issues')",16
teachers,376,"('21st', 'century')",40,"('higher', 'education', 'institutions')",7,Understand,258,"('design', 'thinking')",31,"('Participants', 'able', 'describe')",6,#,91,"('professional', 'development')",22,"('higher', 'ed', 'edtech')",8,classroom,574,"('personalized', 'learning')",86,"('social', 'emotional', 'learning')",15
technology,350,"('design', 'thinking')",40,"('R', '&', 'D')",7,student,249,"('school', 'district')",29,"('21st', 'century', 'skills')",6,student,85,"('instructional', 'strategies')",20,"('data-driven', 'decision', 'making')",7,teachers,555,"('21st', 'century')",78,"('high', 'school', 'students')",12
more,325,"('teaching', 'learning')",38,"('Project', 'Based', 'Learning')",7,school,226,"('engage', 'students')",28,"('attending', 'panel', 'teachers')",6,leadership,73,"('technology', 'innovation')",19,"('learning', 'blended', 'learning')",7,learn,529,"('learning', 'environments')",74,"('Q', '&', 'A')",11
classroom,306,"('learning', 'experiences')",38,"('session', 'we', ""'ll"")",7,classroom,226,"('teaching', 'learning')",27,"('design', 'ready-to-use', 'elements')",5,digital,72,"('competency-based', 'education')",19,"('design', 'design', 'thinking')",7,design,511,"('blended', 'learning')",73,"('higher', 'education', 'institutions')",10
schools,297,"('session', 'explore')",37,"('liberal', 'arts', 'education')",7,technology,223,"('personalized', 'learning')",27,"('utilizing', 'those', 'innovative')",5,higher,71,"('social', 'media')",18,"('education', 'design', 'thinking')",6,Learn,506,"('high', 'school')",68,"('21st', 'century', 'learning')",10
educators,280,"('problem', 'solving')",34,"('share', 'lessons', 'learned')",7,schools,177,"('social', 'media')",27,"('practices', 'prepared', 'return')",5,stem,71,"('based', 'learning')",18,"('social', 'emotional', 'learning')",6,schools,489,"('teaching', 'learning')",65,"('share', 'best', 'practices')",10
's,270,"('school', 'districts')",33,"('teacher', 'professional', 'development')",6,practices,174,"('learning', 'environments')",26,"('Participants', 'learn', 'strategies')",5,development,65,"('online', 'education')",17,"('21st', 'century', 'education')",6,Participants,447,"('professional', 'learning')",65,"('learning', 'personalized', 'learning')",9
learn,262,"('student', 'learning')",31,"('We', ""'ll"", 'explore')",6,teachers,172,"('21st', 'century')",25,"('learn', 'specific', 'strategies')",5,data,64,"('education', 'technology')",17,"('21st', 'century', 'skills')",6,session,440,"('online', 'learning')",59,"('Participants', 'develop', 'understanding')",9
through,238,"('across', 'country')",30,"('social', 'emotional', 'learning')",6,tools,167,"('professional', 'development')",23,"('share', 'compare', 'learn')",5,social,64,"('professional', 'develompent')",16,"('human', 'centered', 'design')",6,educators,438,"('student', 'success')",57,"('design', 'thinking', 'process')",9
share,233,"('professional', 'learning')",30,"('21st', 'century', 'learning')",6,strategies,162,"('Participants', 'gain')",23,"('return', 'schools', 'companies')",5,thinking,56,"('career', 'readiness')",16,"('hands-on', '21st', 'century')",5,digital,434,"('digital', 'learning')",56,"('Project', 'Based', 'Learning')",9
design,230,"('online', 'learning')",29,"('middle', 'school', 'students')",6,design,160,"('Attendees', 'able')",22,"('bring', 'classrooms', 'development')",5,engagement,55,"('professional', 'learning')",16,"('stem', 'hands-on', '21st')",5,more,433,"('engage', 'students')",55,"('kids', 'learning', 'attention')",9
skills,224,"('college', 'career')",29,"('learning', 'attention', 'issues')",6,educators,155,"('students', 'teachers')",20,"('classrooms', 'development', 'offices')",5,teacher,54,"('game-based', 'learning')",16,"('game', 'based', 'learning')",5,data,427,"('college', 'career')",55,"('R', '&', 'D')",9
tools,223,"('lessons', 'learned')",28,"('science', 'technology', 'engineering')",5,create,153,"('learning', 'Participants')",20,"('Participants', 'share', 'compare')",5,professional,54,"('stem', 'education')",16,"('innovation', 'design', 'thinking')",5,tools,394,"('learning', 'experiences')",55,"('critical', 'thinking', 'skills')",9
panel,216,"('engage', 'students')",27,"('interactive', 'collaborative', 'learning')",5,data,151,"('student', 'learning')",20,"('panel', 'teachers', 'able')",5,college,54,"('student', 'centered')",15,"('education', 'higher', 'education')",5,skills,385,"('student', 'learning')",53,"('Science', 'Technology', 'Engineering')",9
world,214,"('prepare', 'students')",27,"('panel', 'brings', 'together')",5,digital,148,"('help', 'students')",19,"('gain', 'greater', 'understanding')",5,educational,46,"('entrepreneurial', 'learning')",15,"('open', 'education', 'resources')",4,'s,370,"('problem', 'solving')",52,"('game', 'based', 'learning')",8
discuss,214,"('critical', 'thinking')",26,"('students', 'college', 'career')",5,understanding,146,"('learning', 'Learn')",19,"('deepen', 'skills', 'innovative')",5,media,46,"('digital', 'learning')",15,"('social', 'media', 'education')",4,community,360,"('school', 'district')",50,"('Participants', 'gain', 'understanding')",8
digital,214,"('learning', 'environment')",26,"('University', 'Texas', 'Austin')",5,Attendees,146,"('digital', 'learning')",19,"('design', 'thinking', 'process')",5,school,45,"('centered', 'learning')",15,"('learning', 'student', 'centered')",4,through,360,"('Attendees', 'learn')",49,"('improve', 'student', 'outcomes')",8
data,212,"('We', ""'ll"")",26,"('past', 'few', 'years')",5,understand,143,"('blended', 'learning')",19,"('compare', 'learn', 'specific')",5,equity,44,"('online', 'learning')",15,"('culturally', 'responsive', 'education')",4,create,359,"('critical', 'thinking')",47,"('liberal', 'arts', 'education')",8
experience,212,"('around', 'world')",25,"('creative', 'problem', 'solving')",5,ways,139,"('students', ""'"")",19,"('elements', 'bring', 'classrooms')",5,classroom,42,"('student', 'success')",14,"('problem', 'based', 'learning')",4,educational,349,"('computer', 'science')",47,"('share', 'lessons', 'learned')",8
help,209,"('student', 'data')",25,"('share', 'best', 'practices')",5,skills,135,"('professional', 'learning')",19,"('Participants', 'deepen', 'skills')",5,online,40,"('equity', 'access')",14,"('learning', 'design', 'thinking')",4,social,345,"('Participants', 'able')",46,"('science', 'technology', 'engineering')",8
explore,208,"('student', 'success')",25,"('workshops', 'Ready', 'implementation')",4,best,132,"('student', 'success')",18,"('ready-to-use', 'elements', 'bring')",5,entrepreneurship,38,"('coding', 'education')",14,"('learning', 'teacher', 'collaboration')",4,&,336,"('higher', 'ed')",45,"('higher', 'ed', 'edtech')",8
create,206,"('do', ""n't"")",25,"('Technology', 'Test', 'Kitchen')",4,community,132,"('learning', 'experiences')",17,"('You', ""'ll"", 'learn')",5,community,38,"('community', 'engagement')",14,"('learning', 'competency-based', 'education')",4,development,333,"('school', 'districts')",43,"('Learn', 'best', 'practices')",8
&,192,"('students', 'learn')",25,"('learning', 'experiences', 'students')",4,using,129,"('virtual', 'reality')",16,"('those', 'innovative', 'practices')",5,literacy,37,"('college', 'career')",13,"('innovation', 'higher', 'education')",4,help,331,"('lessons', 'learned')",43,"('ed', 'edtech', 'innovation')",8
community,190,"('it', ""'s"")",25,"('project', 'based', 'learning')",4,educational,128,"('case', 'studies')",16,"('skills', 'innovative', 'practices')",5,collaboration,37,"('21st', 'century')",13,"('higher', 'education', 'leadership')",4,strategies,329,"('students', 'teachers')",43,"('data-driven', 'decision', 'making')",7
educational,175,"('next', 'generation')",25,"('schools', 'across', 'country')",4,challenges,127,"('Participants', 'develop')",16,"('innovative', 'practices', 'prepared')",5,personalized,36,"('data', 'analytics')",13,"('thinking', 'emerging', 'technology')",4,experience,319,"('learning', 'environment')",42,"('session', 'we', ""'ll"")",7
teaching,171,"('learning', 'experience')",24,"('session', 'participants', 'learn')",4,Explore,125,"('learning', 'environment')",16,"('learn', 'best', 'practices')",5,career,34,"('project-based', 'learning')",13,"('education', 'online', 'education')",4,teaching,309,"('student', 'engagement')",42,"('We', ""'ll"", 'explore')",7
using,167,"('personalized', 'learning')",24,"('technology', 'engineering', 'math')",4,support,122,"('today', ""'s"")",16,"('schools', 'companies', 'teach/lead')",5,strategies,31,"('maker', 'education')",12,"('education', 'personalized', 'learning')",4,using,297,"('virtual', 'reality')",42,"('innovation', 'higher', 'education')",7
social,164,"('blended', 'learning')",24,"('prepare', 'students', 'college')",4,help,122,"('online', 'learning')",15,"('improve', 'student', 'outcomes')",5,coding,31,"('edtech', 'innovation')",12,"('learning', 'innovation', 'implementation')",4,online,287,"('student', 'data')",42,"('design', 'design', 'thinking')",7
need,162,"('teachers', 'students')",24,"('design', 'thinking', 'process')",4,through,122,"('lessons', 'learned')",15,"('innovative', 'practices', 'Participants')",5,teaching,30,"('special', 'education')",12,"('education', 'competency-based', 'education')",4,best,285,"('Participants', 'understand')",42,"('human', 'centered', 'design')",7
development,160,"('students', 'teachers')",23,"('support', 'personalized', 'learning')",4,able,120,"('student', 'engagement')",15,"('Participants', 'able', 'identify')",5,&,30,"('virtual', 'reality')",12,"('design', 'thinking', 'emerging')",4,innovation,279,"('help', 'students')",41,"('learning', 'Participants', 'learn')",7
own,160,"('panel', 'discuss')",23,"('collaborative', 'learning', 'experience')",4,social,117,"('students', 'learn')",15,"('development', 'offices', 'utilizing')",5,management,30,"('learning', 'innovation')",11,"('learning', 'game', 'design')",4,support,278,"('across', 'country')",41,"('learning', 'blended', 'learning')",7
content,156,"('help', 'students')",22,"('creativity', 'critical', 'thinking')",4,&,114,"('higher', 'ed')",15,"('best', 'practices', 'building')",5,blended,30,"('learning', 'student')",11,"('#', 'edtech', '#')",4,world,278,"('students', ""'"")",41,"('learning', 'experience', 'students')",7
support,154,"('computer', 'science')",22,"('bridge', 'gap', 'between')",4,more,108,"('learning', 'experience')",14,"('share', 'best', 'practices')",5,assessment,29,"('teacher', 'leadership')",11,"('higher', 'education', 'enrollment')",3,share,277,"('education', 'technology')",41,"('schools', 'across', 'country')",7
best,151,"('school', 'students')",22,"('tracking', 'brain', 'wave')",4,teaching,108,"('computer', 'science')",14,"('Participants', 'design', 'ready-to-use')",5,instructional,29,"('computer', 'science')",11,"('teacher', 'education', 'professional')",3,ways,277,"('students', 'learn')",40,"('thinking', 'problem', 'solving')",7
'',151,"('digital', 'learning')",22,"('inside', 'outside', 'classroom')",4,development,108,"('critical', 'thinking')",14,"('offices', 'utilizing', 'those')",5,video,28,"('educational', 'equity')",11,"('video', 'digital', 'content')",3,discuss,275,"('learning', 'experience')",39,"('students', 'college', 'career')",7
provide,150,"('students', ""'"")",22,"('Ready', 'implementation', 'summit')",4,resources,107,"('learning', 'opportunities')",14,"('companies', 'teach/lead', 'colleagues')",5,partnerships,27,"('achievement', 'gap')",11,"('higher', 'education', 'innovation')",3,higher,275,"('prepare', 'students')",39,"('learning', 'game', 'design')",7
-,148,"('real', 'world')",22,"('increase', 'student', 'engagement')",4,change,106,"('student', 'data')",13,"('prepared', 'return', 'schools')",5,diversity,27,"('teacher', 'collaboration')",10,"('analytics', 'engagement', 'motivation')",3,teacher,274,"('session', 'explore')",37,"('learning', 'competency-based', 'education')",7
STEM,146,"('higher', 'ed')",22,"('close', 'opportunity', 'gap')",4,impact,106,"('college', 'career')",13,"('practices', 'Participants', 'deepen')",5,skills,26,"('diversity', 'inclusion')",10,"('learning', 'maker', 'education')",3,change,274,"('based', 'learning')",36,"('tracking', 'brain', 'wave')",7
online,145,"('It', ""'s"")",21,"('learning', 'management', 'systems')",4,online,102,"('problem', 'solving')",13,"('ways', 'engage', 'students')",4,change,26,"('learning', 'design')",10,"('online', 'education', 'partnerships')",3,content,273,"('teachers', 'students')",35,"('such', 'iPad', '11')",6
resources,145,"('education', 'system')",21,"('level', 'playing', 'field')",4,develop,100,"('project-based', 'learning')",13,"('Gain', 'greater', 'understanding')",4,science,26,"('education', 'innovation')",10,"('project-based', 'learning', 'projects')",3,practices,273,"('We', ""'ll"")",33,"('attending', 'panel', 'teachers')",6
I,144,"('school', 'district')",19,"('student', 'data', 'privacy')",4,Identify,100,"('Learn', 'strategies')",13,"('learning', 'experience', 'students')",4,analytics,26,"('social', 'emotional')",9,"('#', 'innovation', '#')",3,thinking,271,"('around', 'world')",33,"('gap', 'between', 'college')",6
``,143,"('student', 'engagement')",19,"('school', 'district', 'leaders')",4,Discuss,100,"('student', 'outcomes')",13,"('implementing', 'blended', 'learning')",4,readiness,24,"('instructional', 'design')",9,"('professional', 'learning', 'communities')",3,resources,264,"('instructional', 'strategies')",32,"('education', 'design', 'thinking')",6
change,142,"('student', 'outcomes')",19,"('English', 'Language', 'Learners')",4,content,98,"('able', 'identify')",13,"('common', 'core', 'standards')",4,k-12,24,"('student', 'voice')",9,"('learning', 'student', 'engagement')",3,college,259,"('student', 'outcomes')",32,"('support', 'personalized', 'learning')",6
leaders,142,"('middle', 'school')",18,"('Independent', 'School', 'District')",4,'s,97,"('Gain', 'understanding')",12,"('21st', 'century', 'skill')",4,privacy,23,"('project', 'based')",9,"('storytelling', 'video', 'digital')",3,Understand,258,"('ed', 'tech')",32,"('eye', 'tracking', 'brain')",6
;,141,"('educators', 'students')",17,"('needs', 'every', 'child')",3,experience,97,"('educational', 'technology')",12,"('Share', 'best', 'practices')",4,storytelling,23,"('early', 'learning')",9,"('education', 'computer', 'science')",3,explore,254,"('educational', 'technology')",32,"('creativity', 'critical', 'thinking')",6
teacher,140,"('ed', 'tech')",17,"('assess', 'student', 'learning')",3,process,97,"('challenges', 'facing')",12,"('best', 'practices', 'creating')",4,gap,23,"('classroom', 'management')",9,"('tourism', 'travel', 'nonprofit')",3,challenges,252,"('project-based', 'learning')",32,"('You', ""'ll"", 'learn')",6
across,138,"('interactive', 'session')",17,"('improve', 'student', 'engagement')",3,opportunities,97,"('prepare', 'students')",12,"('professional', 'learning', 'model')",4,success,23,"('global', 'education')",9,"('learning', 'arts', 'education')",3,media,252,"('case', 'studies')",31,"('social', 'media', 'education')",6
ways,138,"('Common', 'Core')",17,"('21st', 'century', 'learners')",3,programs,95,"('student', 'privacy')",12,"('help', 'students', 'learn')",4,centered,22,"('open', 'education')",9,"('higher', 'education', 'student')",3,own,249,"('next', 'generation')",31,"('learn', 'best', 'practices')",6
where,137,"('digital', 'tools')",15,"('iPad', '11', 'program')",3,future,90,"('learning', 'outcomes')",12,"('Attendees', 'gain', 'understanding')",4,maker,21,"('adaptive', 'learning')",9,"('professional', 'develompent', 'professional')",3,success,244,"('do', ""n't"")",30,"('inside', 'outside', 'classroom')",6
research,137,"('case', 'studies')",15,"('unique', 'learning', 'environments')",3,own,89,"('Attendees', 'understand')",12,"('best', 'practices', 'engaging')",4,training,21,"('math', 'education')",9,"('mobile', 'device', 'management')",3,'',242,"('career', 'readiness')",30,"('stop', 'motion', 'animation')",6
college,137,"('high', 'quality')",15,"('high', 'school', 'graduation')",3,'',88,"('gain', 'understanding')",12,"('21st', 'century', 'learning')",4,equality,21,"('3d', 'printing')",9,"('communications', 'public', 'relations')",3,research,234,"('competency-based', 'education')",30,"('help', 'students', 'learn')",6
strategies,136,"('education', 'technology')",15,"('Join', 'interactive', 'session')",3,success,88,"('learning', 'spaces')",12,"('Gain', 'deeper', 'understanding')",4,mobile,20,"('career', 'development')",9,"('teacher', 'leadership', 'teacher')",3,panel,232,"('digital', 'content')",29,"('English', 'Language', 'Learners')",6
experiences,135,"('session', 'learn')",14,"('We', ""'ll"", 'share')",3,used,87,"('Gain', 'insight')",12,"('Identify', 'best', 'practices')",4,tech,20,"('community', 'college')",8,"('&', 'learning', 'classroom')",3,impact,226,"('social', 'emotional')",29,"('21st', 'century', 'education')",6
program,134,"('learning', 'tools')",14,"('more', 'ingrained', 'everyday')",3,between,85,"('greater', 'understanding')",12,"('creative', 'learning', 'strategies')",4,global,19,"('classroom', 'application')",8,"('learning', 'professional', 'learning')",3,future,225,"('student', 'privacy')",29,"('iPad', '11', 'program')",6
thinking,133,"('21st', 'Century')",14,"('blended', 'learning', 'strategies')",3,media,85,"('digital', 'content')",11,"('specific', 'strategies', 'implementing')",4,research,19,"('student', 'engagement')",8,"('video', 'storytelling', 'video')",3,STEM,225,"('it', ""'s"")",29,"('teacher', 'professional', 'development')",6
success,133,"('virtual', 'reality')",14,"('experience', 'rolling', 'programs')",3,why,85,"('practices', 'Participants')",11,"('Session', 'attendees', 'understand')",3,content,19,"('learning', 'environments')",8,"('decision', 'making', 'data')",3,professional,225,"('education', 'system')",29,"('bridge', 'gap', 'between')",6
higher,132,"('social', 'emotional')",14,"('reflect', 'trend', 'become')",3,thinking,82,"('across', 'country')",11,"('attending', 'participant', 'able')",3,competency-based,19,"('higher', 'ed')",8,"('higher', 'education', 'community')",3,engagement,222,"('Common', 'Core')",28,"('middle', 'school', 'students')",6
high,131,"('learning', 'outcomes')",14,"('young', 'men', 'color')",3,teacher,80,"('Participants', 'explore')",11,"('create', 'different', 'learning')",3,based,19,"('big', 'data')",8,"('learning', 'instructional', 'design')",3,``,220,"('special', 'education')",28,"('student', 'data', 'privacy')",6
ideas,128,"('panel', 'explore')",14,"('educators', 'faced', 'implementing')",3,STEM,79,"('develop', 'understanding')",11,"('iPad', '11', 'program')",3,creativity,19,"('learning', 'digital')",8,"('online', 'education', 'higher')",3,need,218,"('online', 'education')",28,"('open', 'education', 'resources')",6
needs,126,"('session', 'discuss')",14,"('improving', 'student', 'outcomes')",3,current,78,"('ed', 'tech')",11,"('engaging', 'learning', 'spaces')",3,marketing,19,"('arts', 'education')",8,"('education', 'edtech', 'innovation')",3,understand,218,"('learning', 'spaces')",28,"('best', 'practices', 'building')",6
been,123,"('educational', 'technology')",13,"('County', 'Public', 'Schools')",3,research,78,"('based', 'learning')",11,"('Audience', 'members', 'understand')",3,access,18,"('ed', 'edtech')",8,"('learning', 'analytics', 'engagement')",3,edtech,215,"('today', ""'s"")",27,"('personalized', 'professional', 'learning')",6
challenges,121,"('much', 'more')",13,"('engage', 'students', 'STEM')",3,innovative,77,"('high', 'school')",11,"('technology', 'being', 'used')",3,math,18,"('educational', 'equality')",8,"('higher', 'education', 'competency-based')",3,provide,213,"('student', 'voice')",27,"('level', 'playing', 'field')",6
media,121,"('session', 'provide')",13,"('access', 'quality', 'education')",3,ideas,77,"('teachers', 'students')",11,"('attendees', 'understand', 'personalized')",3,game,18,"('music', 'education')",8,"('publicity', 'tourism', 'travel')",3,-,213,"('panel', 'discuss')",26,"('Participants', 'able', 'describe')",6
future,119,"('panel', 'discussion')",13,"('program', 'such', 'programs')",3,role,76,"('Common', 'Core')",11,"('learn', 'successes', 'struggles')",3,virtual,18,"('learning', 'personalized')",8,"('classroom', 'higher', 'education')",3,ideas,210,"('game-based', 'learning')",26,"('ways', 'engage', 'students')",5
access,119,"('public', 'school')",13,"('budgets', 'tools', 'create')",3,``,76,"('learn', 'strategies')",11,"('students', 'Attendees', 'learn')",3,gamification,17,"('classroom', 'strategies')",8,"('special', 'education', 'services')",3,program,209,"('technology', 'classroom')",26,"('stem', 'hands-on', '21st')",5
learners,118,"('teachers', 'parents')",13,"('others', 'summit_s', 'culminating')",3,innovation,76,"('improve', 'student')",11,"('programs', 'implement', 'roll')",3,game-based,17,"('digital', 'content')",7,"('learning', 'learning', 'environments')",3,understanding,208,"('adaptive', 'learning')",26,"('assess', 'student', 'learning')",5
innovative,117,"('technology', 'classroom')",13,"('such', 'iPad', '11')",3,better,75,"('Participants', 'identify')",11,"('educational', 'equity', 'opportunities')",3,strategy,17,"('learning', 'teacher')",7,"('relations', 'publicity', 'tourism')",3,process,206,"('teaching', '&')",26,"('companies', 'teach/lead', 'colleagues')",5
both,117,"('century', 'skills')",13,"('rolling', 'programs', 'utilize')",3,effective,74,"('learning', 'attention')",10,"('practices', 'school', 'district')",3,reality,17,"('technology', 'classroom')",7,"('digital', 'learning', 'student')",3,used,203,"('learning', 'outcomes')",26,"('session', 'participants', 'learn')",5
build,117,"('School', 'District')",13,"('learn', 'others', 'summit_s')",3,engage,74,"('learning', 'process')",10,"('virtually', 'experts', 'discussing')",3,open,16,"('flipped', 'classroom')",7,"('technology', 'innovation', 'video')",3,programs,202,"('digital', 'tools')",25,"('those', 'innovative', 'practices')",5
used,116,"('early', 'childhood')",13,"('learning', 'experience', 'rolling')",3,participants,74,"('creative', 'learning')",10,"('such', 'iPad', '11')",3,culture,16,"('design', 'design')",7,"('public', 'relations', 'publicity')",3,needs,201,"('middle', 'school')",25,"('common', 'core', 'standards')",5
many,115,"('every', 'child')",12,"('stop', 'motion', 'animation')",3,build,73,"('digital', 'tools')",10,"('attending', 'mentor', 'sessions')",3,instruction,16,"('education', 'edtech')",7,"('training', 'professional', 'development')",3,experiences,199,"('&', 'learning')",25,"('share', 'compare', 'learn')",5
impact,114,"('During', 'session')",12,"('session', 'learn', 'hand')",3,needs,72,"('deeper', 'understanding')",10,"('utilizing', 'technology', 'create')",3,future,16,"('learning', 'blended')",7,"('english', 'language', 'learner')",3,innovative,196,"('early', 'learning')",25,"('Participants', 'design', 'ready-to-use')",5
engage,114,"('where', 'students')",12,"('students', 'world', 'today')",3,higher,72,"('school', 'districts')",10,"('high', 'impact', 'practices')",3,entrepreneurial,16,"('creative', 'learning')",7,"('marketing', 'communications', 'public')",3,access,194,"('Participants', 'gain')",25,"('best', 'practices', 'creating')",5
classrooms,112,"('college', 'students')",12,"('becomes', 'more', 'ingrained')",3,engagement,71,"('meet', 'needs')",10,"('game', 'based', 'learning')",3,develompent,16,"('education', 'student')",7,"('equality', 'achievement', 'gap')",3,across,193,"('real', 'world')",25,"('innovation', 'design', 'thinking')",5
children,110,"('around', 'country')",12,"('learning', 'environments', 'prepare')",3,professional,70,"('adaptive', 'learning')",10,"('opportunity', 'divide', 'math')",3,early,16,"('design', 'education')",7,"('flipped', 'classroom', 'higher')",3,leaders,192,"('century', 'skills')",25,"('higher', 'education', 'landscape')",5
curriculum,109,"('we', ""'ll"")",12,"('Massive', 'Open', 'Online')",3,identify,69,"('Audience', 'members')",10,"('equity', 'opportunities', 'students')",3,business,16,"('teacher', 'education')",7,"('#', 'adultlearning', '#')",3,where,191,"('learning', 'opportunities')",24,"('interactive', 'collaborative', 'learning')",5
different,109,"('Let', ""'s"")",12,"('technologies', 'difficult', 'session')",3,model,69,"('impact', 'learning')",10,"('21st', 'Century', 'Skills')",3,emotional,16,"('school', 'design')",7,"('education', 'achievement', 'gap')",3,build,190,"('early', 'childhood')",24,"('skills', 'innovative', 'practices')",5
participants,109,"('student', 'privacy')",12,"('low', 'income', 'students')",3,learners,68,"('relationship', 'between')",10,"('types', 'programs', 'implement')",3,students,16,"('critical', 'thinking')",7,"('professional', 'learning', 'teacher')",3,develop,189,"('learning', 'Participants')",24,"('Participants', 'share', 'compare')",5
years,107,"('improve', 'student')",12,"('higher', 'education', 'landscape')",3,college,68,"('challenges', 'opportunities')",10,"('Audience', 'members', 'learn')",3,policy,15,"('education', 'social')",7,"('technology', 'integration', 'specialist')",3,opportunities,189,"('creative', 'learning')",23,"('professional', 'learning', 'communities')",5
programs,107,"('Public', 'Schools')",12,"('complex', 'challenges', 'facing')",3,benefits,67,"('Learn', 'students')",10,"('Participants', 'able', 'develop')",3,special,15,"('parent', 'engagement')",7,"('education', 'equity', 'access')",3,engage,188,"('learning', 'tools')",23,"('deepen', 'skills', 'innovative')",5
workshop,107,"('United', 'States')",12,"('educators', 'around', 'world')",3,program,67,"('You', ""'ll"")",10,"('project', 'based', 'learning')",3,youth,15,"('digital', 'literacy')",7,"('learning', 'digital', 'learning')",3,learners,187,"('high', 'quality')",23,"('gain', 'greater', 'understanding')",5
interactive,106,"('3D', 'printing')",12,"('gap', 'between', 'college')",3,successful,66,"('walk', 'away')",10,"('higher', 'education', 'institutions')",3,games,15,"('data-driven', 'decision')",7,"('literacy', 'critical', 'thinking')",3,curriculum,185,"('Attendees', 'able')",23,"('technology', 'engineering', 'math')",5
process,105,"('digital', 'content')",11,"('education', '21st', 'century')",3,key,66,"('attention', 'issues')",10,"('participants', 'export', 'knowledge')",3,robotics,15,"('change', 'management')",7,"('higher', 'education', 'online')",3,science,183,"('improve', 'student')",23,"('technology', 'integration', 'specialist')",5
communities,105,"('young', 'children')",11,"('Technology', 'Engineering', 'Art')",3,different,66,"('3D', 'printing')",10,"('implementing', 'programs', 'such')",3,schools,15,"('decision', 'making')",7,"('online', 'professional', 'learning')",3,participants,183,"('learning', 'Learn')",22,"('Participants', 'able', 'identify')",5
improve,104,"('literacy', 'skills')",11,"('help', 'kids', 'learn')",3,improve,66,"('media', 'literacy')",10,"('connecting', 'virtually', 'experts')",3,curriculum,14,"('educational', 'technology')",7,"('education', 'professional', 'develompent')",3,Attendees,181,"('It', ""'s"")",22,"('offices', 'utilizing', 'those')",5
_,104,"('is', ""n't"")",11,"('lives', 'classrooms', 'reflect')",3,Gain,65,"('innovative', 'practices')",10,"('engage', 'empower', 'young')",3,21st,13,"('game', 'design')",7,"('education', 'blended', 'learning')",2,I,180,"('school', 'students')",22,"('ready-to-use', 'elements', 'bring')",5
around,102,"('student', 'achievement')",11,"('schools', 'spend', '$')",3,-,65,"('tools', 'resources')",10,"('schools', 'across', 'country')",3,ed,13,"('education', 'college')",7,"('data', 'higher', 'education')",2,;,179,"('data', 'analytics')",22,"('past', 'few', 'years')",5
professional,101,"('using', 'technology')",11,"('teachers', 'parents', 'administrators')",3,solutions,65,"('learning', 'tools')",9,"('gap', 'between', 'college')",3,steam,13,"('education', 'higher')",7,"('#', 'technology', '#')",2,different,176,"('3D', 'printing')",22,"('innovative', 'practices', 'Participants')",5
kids,99,"('brings', 'together')",11,"('state', 'education', 'agencies')",3,provide,63,"('education', 'Participants')",9,"('students', 'connecting', 'virtually')",3,art,13,"('centered', 'design')",7,"('education', 'technology', 'innovation')",2,communities,174,"('arts', 'education')",22,"('development', 'offices', 'utilizing')",5
Join,99,"('Q', '&')",11,"('students', 'achieve', 'success')",3,gain,62,"('Learn', 'best')",9,"('types', 'learning', 'occur')",3,libraries,13,"('education', 'leadership')",6,"('learning', 'project-based', 'learning')",2,high,173,"('21st', 'Century')",21,"('hands-on', '21st', 'century')",5
science,99,"('case', 'study')",11,"('thinking', 'problem', 'solving')",3,curriculum,62,"('better', 'understanding')",9,"('social', 'emotional', 'learning')",3,arts,13,"('teacher', 'effectiveness')",6,"('personalized', 'learning', 'teachers')",2,between,171,"('community', 'engagement')",21,"('higher', 'ed', 'institutions')",5
while,99,"('learning', 'models')",11,"('limited', 'budgets', 'tools')",3,world,61,"('able', 'describe')",9,"('Administrators', 'educators', 'learn')",3,project-based,13,"('engagement', 'strategy')",6,"('school', 'design', 'design')",2,classrooms,170,"('big', 'data')",21,"('best', 'practices', 'implementing')",5
focus,98,"('students', 'need')",11,"('Next', 'Generation', 'Science')",3,discuss,61,"('K-12', 'education')",9,"('thinking', 'problem', 'solving')",3,century,13,"('workforce', 'development')",6,"('community', 'engagement', 'diversity')",2,improve,170,"('educators', 'students')",21,"('students', 'teachers', 'administrators')",5
together,97,"('schools', 'districts')",11,"('next', 'generation', 'education')",3,experiences,61,"('Attendees', 'gain')",9,"('essential', 'skills', 'dispositions')",3,inclusion,13,"('privacy', 'data')",6,"('competency-based', 'education', 'scale')",2,both,168,"('game', 'design')",21,"('learning', 'management', 'systems')",5
